CID,MolecularWeight,CanonicalSMILES,InChIKey,XLogP,Name,Targets
2735853,148.16,C1=CN(C(=C1)C=O)CCC#N,SUUQLYBKCBUSAR-UHFFFAOYSA-N,0.1,Axitinib (AG-013736),FLT1;FLT2;FLT3
10366136,443.5,CC1(COC1)COC2=CC3=C(C=C2)N(C=N3)C4=NC5=C(C=CC=C5N6CCC(CC6)N)C=C4,DYNHJHQFHQTFTP-UHFFFAOYSA-N,3.7,Crenolanib,FLT3;PDGFRA;PDGFRB;KIT
3102,182.22,C1=CC=C(C=C1)C(=O)C2=CC=CC=C2,RWCCWEUUXYIKHB-UHFFFAOYSA-N,3.4,Crizotinib (PF-2341066),ALK;MET;ROS1;MST1R;CYP3A4;CYP3A5;CYP2B6
3111,311.36,CC1=C(C(=O)N(N1C)C2=CC=CC=C2)N(C)CS(=O)(=O)O,LVWZTYCIRDMTEY-UHFFFAOYSA-N,0,Dasatinib,ABL1;SRC;EPHA2;LCK;YES1;KIT;PDGFRB;STAT5B;ABL2;FYN;BTK;NR4A3;BCR;CSK;EPHA5;EPHB4;FGR;FRK;HSPA8;LYN;ZAK;MAPK14;PPAT
176870,393.4,COCCOC1=C(C=C2C(=C1)C(=NC=N2)NC3=CC=CC(=C3)C#C)OCCOC,AAKJLRGGTJKAMG-UHFFFAOYSA-N,3.3,Erlotinib,NR1I2;EGFR
3154,324.4,CCNC1CC(S(=O)(=O)C2=C1C=C(S2)S(=O)(=O)N)C,IAVUPMFITXYVAF-UHFFFAOYSA-N,0.4,Gefitinib,EGFR
3431,721.8,CCCCC(C)C(C(CC(C)CC(CCCCC(CC(C(C)N)O)O)O)OC(=O)CC(CC(=O)O)C(=O)O)OC(=O)CC(CC(=O)O)C(=O)O,UVBUBMSSQKOIBE-UHFFFAOYSA-N,-0.5,Ibrutinib (PCI-32765),BTK
3428,273.42,C(CC(CNCCCNCCCN)N)CN=C(N)N,NEFHYROACNTRNJ-UHFFFAOYSA-N,-2.6,Imatinib,BCR;KIT;RET;NTRK1;CSF1R;PDGFRA;DDR1;ABL1;PDGFRB;DDR2;CYP3A4
208908,581.1,CS(=O)(=O)CCNCC1=CC=C(O1)C2=CC3=C(C=C2)N=CN=C3NC4=CC(=C(C=C4)OCC5=CC(=CC=C5)F)Cl,BCFGMOOMADDAQU-UHFFFAOYSA-N,5.1,Lapatinib,EGFR;ERBB2
3353,941.2,CC1CC(C2C(CC(C(O2)(C(=O)C(=O)N3CCCCC3C(=O)OC(C(C(CC(=O)C(C=C(C1)C)CCOC(=O)NCC4=CC=CC=C4)O)C)C(=CC5CCC(C(C5)OC)O)C)O)C)OC)OC,JEQCTALUECDHLT-UHFFFAOYSA-N,3.2,Nilotinib,ABL1;KIT
10113978,437.5,CC1=C(C=C(C=C1)NC2=NC=CC(=N2)N(C)C3=CC4=NN(C(=C4C=C3)C)C)S(=O)(=O)N,CUIHSIWYWATEQL-UHFFFAOYSA-N,3.1,Pazopanib (GW786034),FLT1;KDR;FLT4;PDGFRA;PDGFRB;KIT;FGFR3;ITK;FGF1;SH2B3
3302,288.5,CCC1(CCC2C1(CCC3C2CCC4=CCCCC34)C)O,AOXRBFRFYPMWLR-UHFFFAOYSA-N,5.1,Ponatinib (AP24534),ABL1;BCR;KIT;RET;TEK;FLT3;FGFR1;FGFR2;FGFR3;FGFR4;LCK;SRC;LYN;KDR;PDGFRA
3295,258.3,CCOC1=CC2=C(C=C1)N=C(S2)S(=O)(=O)N,OUZWUKMCLIBBOG-UHFFFAOYSA-N,2,Quizartinib (AC220),FLT3
3270,476.6,CC(=O)OC1CC2C3CCC4=C(C3CCC2(C1OC(=O)C)C)C=CC(=C4)OC(=O)C5=CC=CC=C5,VQHGRIUWSVCJPX-UHFFFAOYSA-N,5.4,Ruxolitinib (INCB018424),"JAK2;JAK1;JAK3;TYK2, "
7524,116.16,C1CCOC(C1)CO,ROTONRWJLXYJBD-UHFFFAOYSA-N,0.3,Sorafenib,BRAF;RAF1;FLT4;KDR;FLT1;FLT3;PDGFRB;KIT;FGFR1;RET 
3086686,398.5,CCN(CC)CCNC(=O)C1=C(NC(=C1C)C=C2C3=C(C=CC(=C3)F)NC2=O)C,WINHZLLDWRZWRT-UHFFFAOYSA-N,2.6,Sunitinib,PDGFRB;FLT1;KIT;KDR;FLT4;FLT3;CSF1R;PDGFRA;MET
93860,384.2,B(C(CC(C)C)NC(=O)C(CC1=CC=CC=C1)NC(=O)C2=NC=CN=C2)(O)O,GXJABQQUPOEUTA-NVXWUHKLSA-N,2,Bortezomib (Velcade),PSMB5;PSMB1
5040,914.2,CC1CCC2CC(C(=CC=CC=CC(CC(C(=O)C(C(C(=CC(C(=O)CC(OC(=O)C3CCCCN3C(=O)C(=O)C1(O2)O)C(C)CC4CCC(C(C4)OC)O)C)C)O)OC)C)C)C)OC,QFJCIRLUMZQUOT-UHFFFAOYSA-N,6,Rapamycin,MTOR
3081361,475.4,CN1CCC(CC1)COC2=C(C=C3C(=C2)N=CN=C3NC4=C(C=C(C=C4)Br)F)OC,UHTHHESEBZOYNR-UHFFFAOYSA-N,4.9,Vandetanib (ZD6474),VEGFA;EGFR;PTK6;TEK;RET
447983,513.6,CCC1(CC(C2=C(C3=C(C4=C(C=CC=C4O)C(=C3C=C2C1)O)O)O)OC5CC(C(C(O5)C)O)N(C)C)O,TVYXBCHESACMHF-NWJGULHDSA-N,3.8,AKT Inhibitor IV,GMNN;EHMT2;POLK;TMPRSS15;UBE2N;ATAD5;SMAD3;KDM4A;FEN1;ATXN2;USP2
447983,513.6,CCC1(CC(C2=C(C3=C(C4=C(C=CC=C4O)C(=C3C=C2C1)O)O)O)OC5CC(C(C(O5)C)O)N(C)C)O,TVYXBCHESACMHF-NWJGULHDSA-N,3.8,AKT Inhibitor X,AKT
16078949,257.24,C1=CN(C(=C1C(=O)N)N)C2C(C(C(O2)CO)O)O,QJVAIRVBURSSBY-DAGMQNCNSA-N,-1.9,AMPK Inhibitor,AMPK
11409972,529.6,CCN1CCN(CC1)CC2=C(C=C(C=C2)NC(=O)NC3=CC=C(C=C3)OC4=NC=NC(=C4)NC)C(F)(F)F,ODPGGGTTYSGTGO-UHFFFAOYSA-N,3.8,AST-487,MAPK14;TYRO3;FLT3;RET;KDR;KIT;NTRK3;MAPK10;FLT1;JAK2;CAMKK2;RET;ROS1;ROCK2;ABL1;NTRK1;PRKACA;CLK2;MAP4K4;NTRK2;FGFR1;DAPK3;MELK;LTK;FLT3;LRRK2;FYN;FLT3;PDGFRB;KDR;CSF1R; MAP4K2;PDGFRA;CDK8;TAOK1;AURKA;CLK4;LCK 
16007391,507.6,CCN(CCCOC1=CC2=C(C=C1)C(=NC=N2)NC3=NNC(=C3)CC(=O)NC4=CC(=CC=C4)F)CCO,QYZOGCMHVIGURT-UHFFFAOYSA-N,3,AZD1152-HQPA (AZD2811),AURKA;AURKB;BLK;BTK;CHEK2;CSNK1D;EGFR;EIF2S1;ERBB4;FLT1;FLT3;FLT4;KDR;LCK;LYN;MAP4K2;MAP4K4;MAP4K5;MST1R;PAK1;PDGFRA;PDGFRB;RET
3012,459.6,CC1=C(C(=O)N2C=CSC2=N1)CCN3CCC(=C(C4=CC=CC=C4)C5=CC=C(C=C5)F)CC3,MFVJXLPANKSLLD-UHFFFAOYSA-N,5.1,Alisertib (MLN8237),ABCB1;ABCC1;ABCG2;ABL1;AURKA;AURKB;BLK;BRSK1;BTK;CCNE1;CDK8;CLK4;CSNK2A1;CYP2C19;CYP2C9;CYP2C8;CYP2D6;CYP3A4;EGFR;EPHA2;ERBB2;ERBB4;FER;FGFR1;FGFR3;FLT1;FRK;GRK5;KDR;LCK;LIMK1;LRRK2;LTK;MYC;MYCN;NTRK1;NTRK2;NTRK3;PARP1;PDPK1;PIM3;PLK4;PRKACA;PTK2;RET;ROS1;RPS6KA3;SLK;SRC;SRPK1;TNK2;YES1
25062766,414.5,C1COCCN1C2=CC=C(C=C2)NC3=NC=CC(=N3)C4=CC=C(C=C4)C(=O)NCC#N,ZVHNDZWQTBEVRY-UHFFFAOYSA-N,2.6,CYT387,ACVR1;AKT1;APAF1;BAD;BAX;BCL2;CASP3;CCND1;EIF4E;EIF4EBP3;JAK1;JAK2;JAK3;MTOR;RPS6KB1;TYK2;YES1
60953,359.35,CCCCCOC(=O)NC1=NC(=O)N(C=C1F)C2C(C(C(O2)C)O)O,GAGWJHPBXLXJQN-UORFTKCHSA-N,0.6,Canertinib (CI-1033),AIFM1;AKT1;BMX;CCND1;CDK4;CXCL8;EGF;EGFR;ENDOG;ERBB2;ERBB4;MAPK1;MAPK3;MTOR;RB1;TGFB1;VEGFA;YES1
156422,527.7,CC1=CC=C(C=C1)N2C(=CC(=N2)C(C)(C)C)NC(=O)NC3=CC=C(C4=CC=CC=C43)OCCN5CCOCC5,MVCOAUNKQVWQHZ-UHFFFAOYSA-N,5.7,Doramapimod (BIRB 796),ABCC2;ACTG2;ADH7;AHSG;AK5;APOA4;AKR1B7;C1QA;C1QB;CAR3;CASP3;CD5L;CD74;CDK8;CEACAM1;CES3;CLEC1B;CTSS;CXCL1;CXCL10;CXCL8;CXCR1;CXCR2;CYP2A4;CYP2A5;CYSS;EGFR;EGR1;FCGR2B; FLT1;FLT4;G6PC;GCLC;GPX2;GRM8;GSK3B;GSTA1;GSTA2;GSTM2;GSTM3;H2AB1;HCK;HP;HPD;ICAM1;IL1B;KCNK1;KDR;LCK;LMOD1;LYN;MAP4K4;MAPK10;MAPK11;MAPK12;MAPK13;MAPK14;MAPK9;MEIG1; MT1;MYBPC1;MYH11;MYH3;NQO1;NTRK2;NTRK3;PDGFRB;PRKD2;SRC;TNF;TYRO3;YES1
3122,225.18,C(CCC(C(=O)O)N)CCP(=O)(O)O,MYDMWESTDPJANS-UHFFFAOYSA-N,-3.6,Dovitinib (CHIR-258),NR1I2
5287969,401.8,CN1CCC(C(C1)O)C2=C(C=C(C3=C2OC(=CC3=O)C4=CC=CC=C4Cl)O)O,BIIVYFLTOXDAOV-YVEFUNNKSA-N,3.3,Flavopiridol,PYGB;PYGL;PYGM;CDK7;CDK5;CDK9;CDK1;CDK6;EGFR;CDK4;CDK8;CDK2
16723044,510.7,CC1=CN=C(N=C1NC2=CC(=CC=C2)S(=O)(=O)NC(C)(C)C)NC3=CC=CC(=C3)CN4CCOCC4,OOSKXASFJFSOBK-UHFFFAOYSA-N,3.7,GDC-0941,PIK3CA;AKT1;AKT2;AKT3;MTOR;PTEN;IRS1;IRS2;PDK1;SGK1
11617559,366.4,COC1=CC=C(C=C1)COC2=C(C=C(C=C2)CC3=CN=C(N=C3N)N)OC,MYQAUKPBNJWPIE-UHFFFAOYSA-N,2.6,GW-2580,CSF1R;NTRK1;NTRK2;NTRK3
3501,378.4,CN1C2=CC=CC=C2C3=C4C(=C5C6=CC=CC=C6N(C5=C31)CCC#N)CNC4=O,VWVYILCFSYNJHF-UHFFFAOYSA-N,3.2,Go6976,"ABCC2;APP;ATF2;AURKA;AURKB;BACE1;BLK;BTG2;CCNB1;CDC25C;CDK1;CDK2;CDK5;CHEK1;CHEK2;CHRNA5;CRH;CSF1R;CYP11A1;DYRK1A;EGFR;ELAVL1;ERBB2;FGFR1;FLT1;FLT3;FLT4;GAP43;GRP;GSK3A, GSK3B;HMOX1;HRAS;HSD3B1;IL1A;IL1B;IL2;IL6;INSR;IRAK4;ITK;JAK3;JUN;KDR;LCK;LIMK1;LYN;MAPK1;MAPK3;MAPK8;MAPK9;MARK2;MARK3;MMP9;NCF1;NFKB;NTS;PAK4;PARP1;PDPK1;PIM1;PLD1;PLD2, PLK1;PLK2;PLK3;PLK4;PRKACA;PRKCA;PRKCB;PRKCD;PRKCG;PRKCZ;PRKD1;PRKD2;PSEN1;PTGS2;RELA;ROCK1;ROCK2;RPS6KA3;RPS6KB1;SIRT1;SOD2;SRC;STS;TFF1;TNF;TNFRSF10B;TYK2;ULBP1; VCAM1;VDR;VEGFA"
3541,446.4,C1=CC2=C(C=CN=C2)C(=C1)S(=O)(=O)NCCNCC=CC3=CC=C(C=C3)Br,ZKZXNDJNWUTGDK-UHFFFAOYSA-N,3.5,H-89,PRKACA;PKIA;GSG2;EIF2AK2
45375953,309.33,CC(C)N1C2=NC=NC(=C2C(=N1)C3=CC4=C(C=C3)OC(=N4)N)N,GYLDXIAOMVERTK-UHFFFAOYSA-N,1.7,INK-128,EIF4EBP1;RPS6KB1;EIF4E;HIF1A;FOXO1;MYC;VEGFA;TGFB1
11625818,415.4,CCC(C1=NC2=C(C(=CC=C2)F)C(=O)N1C3=CC=CC=C3)NC4=NC=NC5=C4NC=N5,IFSDAJWBUCMOAH-HNNXBMFYSA-N,3.7,Idelalisib,PIK3CD
57339437,255.32,CC1=NC2=CN=C3C(=C2N1C4CCNCC4)C=CN3,XTQACRIFOIASKV-UHFFFAOYSA-N,1.3,JAK Inhibitor I,AKT1;BCL2;CCL11;DAPK3;DSC1;DSG1;F3;F7;FLG;IDO1;IFNG;IL1B;IL27;IL4;IL6;JAK1;JAK1;JAK2;JAK3;KRT1;KRT10;OSM;PDK1;STAT1;STAT3;TYK2
5330790,394.4,C1=CC(=C(C(=C1)F)C(=O)N2C(=NC(=N2)NC3=CC=C(C=C3)S(=O)(=O)N)N)F,KDKUVYLMPJIGKA-UHFFFAOYSA-N,2.4,JNJ-7706621,ABL1;ACVR1;ALK;AURKA;AURKB;CAMKK2;CDK1;CDK2;CDK5;CDK7;CDK9;CLK2;CLK4;CSF1R;DAPK3;FGFR1;FLT1;GRK5;GSK3A;GSK3B;IRS1;JAK2;JAK3;KDR;KIT;LCK;LIMK1;LRRK2;MAP2K1;MAP2K2;MAP4K2; MAPK10;MAPK8;MARK3;MARK4;MELK;MET;MST1R;NTRK2;PAK4;PRKAA1;PRKD3;RET;ROCK1;ROCK2;ROS1;RPS6KA3;SIK2;STK3;TAOK1;TYK2;TYRO3;YES1
10364826,420.5,COC1CCC(CC1)C(=O)NC2=NC=CC(=C2)C3=CC(=NC=C3)NC4=CC=C(C=C4)F,ACGBFWCBVIXTPZ-UHFFFAOYSA-N,4,JNK Inhibitor II,MAPK8;MAPK9;MAPK10;ATF2;NFKB1;JUN;AP1;TP53
5353702,457,CN(CC=CC1=CC=C(C=C1)Cl)CC2=CC=CC=C2NS(=O)(=O)C3=CC=C(C=C3)OC,RUAOVVIUGUOYHA-AATRIKPKSA-N,5,KN92,GRIA1;BDNF;CREB;MLCK;RYR
3837,501,CN(CC=CC1=CC=C(C=C1)Cl)CC2=CC=CC=C2N(CCO)S(=O)(=O)C3=CC=C(C=C3)OC,LLLQTDSSHZREGW-UHFFFAOYSA-N,4.5,KN93,GRIA1;BDNF;CREB;MLCK;RYR
153999,468.5,CN(C)CC1CCN2C=C(C3=CC=CC=C32)C4=C(C5=CN(CCO1)C6=CC=CC=C65)C(=O)NC4=O,ZCBUQCWBWNUWSU-SFHVURJKSA-N,2.7,LY-333531,BAD;PDF;PIM1;PIM2;PRKCA;PRKCB;PRKCD;PRKCG
3973,307.3,C1COCCN1C2=CC(=O)C3=C(O2)C(=CC=C3)C4=CC=CC=C4,CZQHHVNHHHRRDU-UHFFFAOYSA-N,3.1,LY294002,PIK3CA;PIK3CB;PIK3CD;PIK3CG;AKT1;AKT2;AKT3;MTOR;PTEN;IRS1;IRS2;PDK1;SGK1
3398,376.8,C1COC2(N1CC(=O)N(C3=C2C=C(C=C3)Cl)CCO)C4=CC=CC=C4F,WMFSSTNVXWNLKI-UHFFFAOYSA-N,2.2,Linifanib (ABT-869),ALK;AURKB;AXL;BLK;BRSK1;CAMK1;CAMK2B;CAMK2D;CAMK2G;CDK19;CDK8;CLK4;CSF1R;CSNK1D;CSNK1G1;CSNK1G2;CSNK2A1;DYRK3;EPHA2;FER;FES;FGFR3;FLT1;FLT3;FLT4;FRK;HIPK2;HIPK4;INSR; IRAK1;IRAK4;KDR;KIT;LTK;LYN;MAP2K2;MAP3K20;MAP4K2;MAP4K5;MAPK13;MAPK14;MAPK9;MARK2;MELK;MET;MINK1;MKNK2;MST1R;NTRK2;NTRK3;PBK;PDGFRA;PDGFRB;PLK3;PLK4;PRKG1;PTK2;RET; ROCK1;ROCK2;RPS6KA4;RPS6KA5;RPS6KB1;SLK;SRC;SRMS;SRPK1;TAOK1;TEK;YES1
9951490,374.5,C1=CC=C(C(=C1)N)SC(=C(C#N)C2=CC=CC(=C2)C(C3=CC=NC=C3)O)N,NHBMKTBZZSJUGA-HEHNFIMWSA-N,2.5,MEK1/2 Inhibitor,AHR;CYP3A4;MAP2K1;MAP2K2;MAPK1;MAPK3
104937,570.6,CC1(C(C2N3C4=CC=CC=C4C5=C6C(=C7C8=CC=CC=C8N(C7=C53)C1(O2)C)CNC6=O)N(C)C(=O)C9=CC=CC=C9)OC,IIQIEMHSDLLZQA-QZPVEUDVSA-N,4.7,Midostaurin,PRKCA;KDR;PDGFRA;PDGFRB;FLT3;KIT
11667893,373.5,CC1(CNC2=C1C=CC(=C2)NC(=O)C3=C(N=CC=C3)NCC4=CC=NC=C4)C,RAHBGWKEPAQNFF-UHFFFAOYSA-N,3.9,Motesanib (AMG-706),EGFR;FGFR1;FLT4;FLT1;KDR;KIT;MAPK14;PDGFRA;PDGFRB;RET;SRC;YES1
13925917,273.4,CC1(CC2=C(C(=O)C1)SC(=NC3=CC=CC=C3)O2)C,XFSSJIQCIPSBHJ-UHFFFAOYSA-N,3.8,NF-kB Activation Inhibitor,CCND1;IL18;IL1B;IL6;MMP9;RELA;TNF;VEGFA;XIAP
2051,315.75,COC1=C(C=C2C(=C1)C(=NC=N2)NC3=CC(=CC=C3)Cl)OC,GFNNBHLJANVSQV-UHFFFAOYSA-N,4,PD153035,AKT1;AQP3;BIRC5;CBL;CDK1;CDKN1A;CXCL8;CYP19A1;CYP1A2;CYP2C19;CYP2C9;CYP3A4;DNMT3A;EGF;EGFR;FOXA1;GAST;GATA3;HRAS;ICAM1;JAK2;KRT1;KRT13;KRT14;KRT16;KRT5;KRT6A;KRT6B; KRT6C;MAP2K1;MAP2K2;MAPK1;MAPK3;MIR21;MRAS;NFKB1;NFKBIA;NTS;PARP1;PLA2G4A;PPARG;PRKCA;PTGS2;PTHLH;RAF1;RARB;RB1;RECK;RELA;SPRY2;SRC;STAT3;TFAP2A;TGIF1;TNF;TP63;TRIM29; VCAM1
4713,267.28,COC1=CC=CC(=C1N)C2=CC(=O)C3=CC=CC=C3O2,QFWCYNPOPKQOKV-UHFFFAOYSA-N,2.9,PD98059,MAP2K1;MAP2K2;MAPK1;MAPK3;FOS;JUN;ETS;ELK1
3311,248.27,CCSC(=NC1=CC=C(C=C1)C(F)(F)F)N,LCMOXIFARISMOH-UHFFFAOYSA-N,3.2,PI-103,"ABCB1;ABCC1;AKT1;BAK1;BAX;BBC3;BCL2;BCL2L1;BCL2L11;BID;CASP3;CASP9;CASP7;CASP8,CLK4;DAPK3;EGF;H2AX;HIF1A;HIPK2;MAP2K1;MAP2K2;MAPK1;MAPK3;MCL1;MTOR;NOTCH1;PDK1;PDPK1; PIK3C2A;PIK3C2B;PIK3C2G;PIK3C3;PIK3CA;PIK3CB;PIK3CD;PIK3CG;PIK3R1;PIK3R2;PIK3R3;PIK3R4;PIK3R5;PIK3R6;PIM3;PMAIP1;PRKDC;RPS6;TP53;XIAP"
4878,301.77,CC(C)(C)N1C2=NC=NC(=C2C(=N1)C3=CC=C(C=C3)Cl)N,PBBRWFOVCUAONR-UHFFFAOYSA-N,3,PP2,ABL1;ACAT1;ACVR1;ADRB1;AKT1;ALOX5;ARHGAP35;ARNT;BAD;BAX;BCL2;BIRC3;BMP2;BTK;CASP3;CAV1;CCNA2;CCND1;CDC25C;CDH1;CDK5;CDK8;CDKN1A;CDKN1B;CLK4;CSF1;CSNK1A1;CTNNB1;CTSD; CXCL8;CYP1A1;CYP1A2;CYP2C19;DAPK3;EGF;EGFR;ESR1;ESRRA;FGR;FOS;FOXO3;FYN;HCK;HIF1A;HOXA7;ICAM1;IGF1R;IQGAP1;IRF7;ITGAM;ITGAV;ITGB3;JUN;KDR;KMT2A;KRT14;KRT18;L1CAM;LCK;LYN; MAP2K1;MAP2K2;MAP2K6;MAP3K5;MAPK1;MAPK10;MAPK14;MAPK3MAPK8;MAPK9;MELK;MIF;MIR21;MMP2;MMP9;MYC;MYLK;NCF1;NCOR1;NCOR2;NFE2L2;NFKB1;NFKBIA;NOS3;P2RY1;PDGFRA;PDGFRB; PLCG2;PRKACA;PRKCD;PTGS2;PTK2;PXN;RELA;RHOA;RRM2;SERPINB2;SIK2;SMAD3;SNAI1;SNAI2;SNCA;SRC;STAT3;STAT5B;STS;TEC;TFF1;THRB;TNF;TNK2;TP53;TYMS;VCAM1;VDR;VEGFA;VIM;VMP1;PR
44595079,445.5,CCS(=O)(=O)N1CCN(CC1)C2=CC=C(C=C2)NC3=NC=C(C(=N3)NC4CC4)C(=O)N,BGLPECHZZQDNCD-UHFFFAOYSA-N,1.9,PRT062070,CSF1R;JAK1;JAK2;JAK3;MAP3K9;NUAK1;SYK;STK4;TYK2
216467,467.9,CCOC1=C(C=C2C(=C1)N=CC(=C2NC3=CC(=C(C=C3)F)Cl)C#N)NC(=O)C=CCN(C)C,WVUNYSQLFKLYNI-UHFFFAOYSA-N,4.5,Pelitinib (EKB-569),AKT1;BAX;BCL10;BCL2;BCL2L1;BCL3;BIRC5;BIRC2;EGFR;ERBB2;ERBB4;IKBKB;NAIP;NFKB1;NFKBIA;RELA;SP1
3292,204.22,CCN1C(=O)C(NC1=O)C2=CC=CC=C2,SZQIFWWUIBRPBZ-UHFFFAOYSA-N,1,R406,AKT1;BST2;COX1;CXCL10;FABP4;GLI1;IFI27;IFI35;IFIT1;IFIT3;IFITM1;IL1B;IRF7;IRF9;ISG15;KLHL31;MAPK1;MAPK3;MX1;MX2;OAS2;PRDM16;RSAD2;SDHA;SFRP5;SHH;SOCS3;STAT1;STAT3;SYK;TNF;UCP1
11656518,518.4,CN1C2=C(C=C(C=C2)OC3=CC(=NC=C3)C4=NC=C(N4)C(F)(F)F)N=C1NC5=CC=C(C=C5)C(F)(F)F,YABJJWZLRMPFSI-UHFFFAOYSA-N,5.4,RAF265 (CHIR-265),BRAF;KDR;RAF1;YES1
3275,325.4,CCN(CC)CCOC1=CC=CC=C1C(=O)CCC2=CC=CC=C2,OEGDFSLNGABBKJ-UHFFFAOYSA-N,4.2,Roscovitine (CYC-202),AIFM1;BAX;BCL2;BIRC5;CASP3;CASP9;CCNA2;CCNB1;CCND1;CDK1;CDK2;CDK5;CDK7;CDK9;CDKN1A;CSNK1D;CYCS;DIABLO;DYRK1A;EGR1;EP300;MCL1;PARP1;PLK1;POLR2A;RB1;RBL1;RNR2;SLBP;SLC3A2; SLC7A5;SMN1;SMN2;TOP1;TP53;XIAP
5169,331.3,C1=CC(=CC=C1C2=NC(=C(N2)C3=CC=NC=C3)C4=CC=C(C=C4)F)O,QHKYPYXTTXKZST-UHFFFAOYSA-N,3.7,SB-202190,MAPK14;MAPK11;MAPK12;MAPK13;ATF2;HSP27;MAPKAPK2;TNF
176155,377.4,CS(=O)C1=CC=C(C=C1)C2=NC(=C(N2)C3=CC=NC=C3)C4=CC=C(C=C4)F,CDMGBJANTYXAIV-UHFFFAOYSA-N,3.2,SB-203580,MAPK14;MAPK11;MAPK12;MAPK13;ATF2;HSP27;MAPKAPK2;TNF
9778,370.06,C(C(C(C(C(C(C(F)(F)F)(F)F)(F)F)(F)F)(F)F)(F)F)(F)F,HBZVXKDQRIQMCW-UHFFFAOYSA-N,5.5,SB-431542,TGFBR1;TGFBR2;SMAD2;SMAD3;SMAD4;ID1;MMP2;CDKN2B
3025986,380.5,CC(C)(C)C1=CN=C(O1)CSC2=CN=C(S2)NC(=O)C3CCNCC3,OUSFTKFNBAZUKL-UHFFFAOYSA-N,3,SNS-032 (BMS-387032),CDK1;CDK2;CDK4;CDK5;CDK7;CDK8;CDK9;CLK4;DYRK1A;DYRK1B;GSK3A;GSK3B;MELK;PRKD3;TAOK1
3467590,314.3,C1=CC=C2C(=C1)N=C3N2C(=O)C4=CC=CC5=C(C=CC3=C54)C(=O)O,MYKOWOGZBMOVBJ-UHFFFAOYSA-N,3.5,STO609,ACACA;AHR;AKT1;AKT1S1;CAMK1;CAMKK2;CAMP;CXCL8;CYP1A1;CYP1B1;CYP4F2;FAS;ITGB7;NOS2;SREBF1;STK11;CAMKK2;CAMKK1
10138259,442.5,CC1=C(NC(=C1C(=O)NCC(CN2CCOCC2)O)C)C=C3C4=C(C=CC(=C4)F)NC3=O,CTNPALGJUAXMMC-PMFHANACSA-N,0.9,SU14813,CCND2;CCND3;FGFR1;FLT1;FLT3;FLT4;KDR;KIT;PDGFRA;PDGFRB;RB1
6419747,353.4,CN1C=C(C2=CC=CC=C21)C=C3C4=C(C=CC(=C4)S(=O)(=O)N)NC3=O,MLKHXLFEYOOYEY-NVNXTCNLSA-N,1.5,SYK Inhibitor,SYK
3231,400.5,COC(=O)CCC=C=CCC1C(C(CC1=O)O)C=CC(COC2=CC=CC=C2)O,PTOJVMZPWPAXER-UHFFFAOYSA-N,1.3,Tandutinib (MLN518),ACVR1;CLK4;CSF1R;FLT3;FLT4;ITK;KIT;NTRK3;PDGFD;PDGFRA;PDGFRB
3211,512.6,CC(C)CC(C(=O)O)NC(=O)NC(C1CCN=C(N1)N)C(=O)NC(CCC(=O)N)C(=O)NC(C)C=O,IJWCGVPEDDQUDE-UHFFFAOYSA-N,-2.6,Tofacitinib (CP-690550),TYK2;JAK1;JAK2;JAK3
15073,82.1,CC1=CC=NN1,XKVUYEYANWFIJX-UHFFFAOYSA-N,0.6,Tozasertib (VX-680),ABL1;ABL2;ACVR1;ALK;AURKA;AURKB;AURKC;AXL;BCR;BIRC5;BLK;BRSK1;BTK;CDK19;CENPA;CSNK2A1;EGFR;EPHA2;FGFR1;FGFR3;FLT1;FLT3;FLT4;FYN;GMNN;INSR;IRAK4;ITK;JAK2;KDR;LCK;LIMK;LRRK2; LTK;LYN;MAP2K1;MAP2K2;MAP3K10;MAP3K20;MAP4K5;MAPK10;MARK2;MARK3;MARK4;MELK;MINK1;MST1R;MYLK;NTRK1;NTRK2;NTRK3;PAK1;PAK4;PDGFRB;PDPK1;PKN2;PLK4;PRKAA1;PRKCZ;PRKD2;RET;ROS1;RPS6KB1;SIK2;SLK;SMARCA4;SRC;STK11;TAOK1;TNK1;TYK2;TYRO3;YES1
3038525,436.3,C1=CC(=C(C(=C1)Cl)C2=C3C=CC(=NN3C=NC2=O)SC4=C(C=C(C=C4)F)F)Cl,VEPKQEUBKLEPRA-UHFFFAOYSA-N,5.1,VX-745,CXCL8;IL1B;IL6;MAP2K6;MAPK11;MAPK12;MAPK14;ROS1;SLC22A2;TNF;VEGFA
151193,464.9,C1=CC=C2C(=C1)C(=NN=C2NC3=CC=C(C=C3)Cl)CC4=CC=NC=C4.C(CC(=O)O)C(=O)O,LLDWLPRYLVPDTG-UHFFFAOYSA-N,4.5,Vatalanib (PTK787),AR;CSF1R;CYP2B6;EGFR;FLT1;FLT4;FRK;KDR;KIT;NFE2L2;NR1I3;PDGFRA;PDGFRB;RPS6KB1;STK3
10126189,363.4,CC1=[N+](C2=C(N1CCOC)C(=O)C3=CC=CC=C3C2=O)CC4=NC=CN=C4,OTSOOHRUMBRSHZ-UHFFFAOYSA-N,1.4,YM-155,ABCB1;BECN1;BIRC5;BIRC5;CASP3;CASP9;EGF;EGFR;EHMT1;EHMT2;ELAVL1;MAP1LC3B
13926968,234.68,CC1=C(C(=NC(=N1)N)N)C2=CC(=CC=C2)Cl,KUJZZRQOOOVVCJ-UHFFFAOYSA-N,2.2,p38 MAP Kinase Inhibitor,TNF;IL1;COX2;NOS
151069,585.7,CC1CC(C(C(C=C(C(C(C=CC=C(C(=O)NC2=CC(=O)C(=C(C1)C2=O)NCC=C)C)OC)OC(=O)N)C)C)O)OC,AYUNIORJHRXIBJ-JDHGPBJTSA-N,2.6,17-AAG (Tanespimycin),ALB;AR;CDK4;GMNN;HIF1A;HSP90AA1;HSP90AB1;MET;MTOR;PIK3CA;RET;TP53XIAP
11314340,358.4,CC1=C2C=C(C=CC2=NN1)C3=CC(=CN=C3)OCC(CC4=CC=CC=C4)N,BPNUQXPIQBZCMR-IBGZPJMESA-N,3.6,A-674563,AKT1;PKIA;PLK1;PLK2;PLK3;PLK4;PRKACA
3004,576.6,CC1CC2C3CCC4=CC(=O)C=CC4(C3(C(CC2(C1(C(=O)COC(=O)C5=CC(=CC=C5)S(=O)(=O)O)O)C)O)F)C,TWQWRHIQRAZHPR-UHFFFAOYSA-N,3.2,ABT-737,AKT1;BAG3;BAX;BCL2;BCL2L1;BCL2L11;BCL2L2;BECN1;BID;BRAF;CASP3;CASP7;CASP8;CASP9;H2AX;HGF;KRAS;MAP1LC3B;MCL1;MET;MKI67;NANOG;PARP1;PIK3C3;PIK3CA;PMAIP1;PTEN;RASSF1;SQSTM1; TP53;TRP53;USP7
11338033,382.2,C1CNCCC1NC(=O)C2=C(C=NN2)NC(=O)C3=C(C=CC=C3Cl)Cl,OVPNQJVDAFNBDN-UHFFFAOYSA-N,2.6,AT7519,ATG10;ATG7;BAD;BAX;CDC25A;CDC25B;CDK1;CDK10;CDK11B;CDK12;CDK13;CDK14;CDK15;CDK16;CDK17;CDK18;CDK19;CDK2;CDK20;CDK4;CDK5;CDK6;CDK7;CDK8;CDK9;CDKN1A;CDKN1B;CDKN3;FOXO3; FOXO4;MYC;YES1
16659841,348.76,CC1=CC(=NN1)NC2=NC(=NC=C2Cl)NC(C)C3=NC=C(C=N3)F,PDOQBOJDRPLBQU-QMMMGPOBSA-N,2.4,AZD1480,HK2;JAK1;JAK2;JAK3;MAP1LC3B;PFKM;RET;SLC2A4;SQSTM1;STAT3;STAT5A;STAT5B
9525,223.31,C(=C[As](=O)(Cl)Cl)Cl,UQKJRDWYYZHIOR-UHFFFAOYSA-N,3.6,Afatinib (BIBW-2992),EGFR;ERBB2;ERBB4
11977753,469.5,CC(C)(C#N)C1=CC=C(C=C1)N2C3=C4C=C(C=CC4=NC=C3N(C2=O)C)C5=CC6=CC=CC=C6N=C5,JOGKUKXHTYWRGZ-UHFFFAOYSA-N,5.2,BEZ235,ACVR1;AKT1;ALK;APC;AR;ATR;AURKB;BAX;BCL2L1;BCL2L11;BIRC5;BRAF;CASP3;CASP9;CCND1;CDK7;CDKN1A;CHEK1;CLK4;CRTC1;CRTC2;CSF1R;CTSB;EGF;EGFR;EIF4EBP1;FGFR3;HRAS;HSF1;JAK2;KRAS;LIMK1;LRRK2;LTK;MAP1LC3A;MAP4K2;MAP4K5;MAPK1;MAPK3;MCL1;MET;MPL;MTOR;NEK2;NFE2L2;NRAS;OGT;PARP1;PIK3C2A;PIK3C2B;PIK3C2G;PIK3C3;PIK3CA;PIK3CB;PIK3CD;PIK3CG;PIK3R1;PIK3R2; PIK3R3;PIK3R4;PIK3R5;PIK3R6;PTEN;RB1;RPS6;RPS6KB1;SQSTM1;TP53
11364421,521.7,CCC1C(=O)N(C2=CN=C(N=C2N1C3CCCC3)NC4=C(C=C(C=C4)C(=O)NC5CCN(CC5)C)OC)C,XQVVPGYIWAGRNI-JOCHJYFZSA-N,3.7,BI-2536,BRD4;CASP8;NOTCH1;PLK1;PLK2;PLK3;PLK4
9813758,255.32,CC1=CC2=C(C=C1)N=C(C3=NC=C(N23)C)NCCN,PSPFQEBFYXJZEV-UHFFFAOYSA-N,2.3,BMS-345541,APOB;AURKB;BCL2;BRCA1;BRCA2;CCL2;CCL3;CCL4;CDK1;CDK2;CHUK;CSNK1D;CXCL8;FANCA;FANCC;FANCD2;FANCE;FANCF;FANCG;FANCL;ICAM1;IKBKB;IL1B;IL1RN;LIMK1;NFKBIA;PARP1;PDGFD;PRKD2; PRKD3;RAD51;RAD51C;RELA;SOX9;SRRT;TAOK1;TGFB1;TNF
3076,414.5,CC(=O)OC1C(SC2=CC=CC=C2N(C1=O)CCN(C)C)C3=CC=C(C=C3)OC,HSUGRBWQSSZJOP-UHFFFAOYSA-N,3.1,Bosutinib (SKI-606),BCR;ABL1;LYN;HCK;SRC;CDK2;MAP2K1;MAP2K2;MAP3K2;CAMK2G
9956119,465.3,CC1=CN=C(N1)C2=CN=C(N=C2C3=C(C=C(C=C3)Cl)Cl)NCCNC4=NC=C(C=C4)C#N,AQGNHMOJWBZFQQ-UHFFFAOYSA-N,4.3,CHIR-99021,CTNNB1;AXIN1;TCF;LEF;TP53;MYC;JUN;NFATC1;GYS1
6918454,478.7,C1CC1CONC(=O)C2=C(C(=C(C=C2)F)F)NC3=C(C=C(C=C3)I)Cl,GFMMXOIFOQCCGU-UHFFFAOYSA-N,5.6,CI-1040 (PD184352),AHR;AIFM1;AKT1;ATF4;BRAF;CASP3;CASP9;CAV1;CD38;CDH1;CDH2;CHEK1;CTNNB1;CYP3A4;CYP3A5;CYP3A7;DDIT3;EGFR;EIF2A;ERBB2;GSK3B;HRAS;IL6;ITGAM;JUN;KRAS;LCK;MAP2K1;MAP2K2;MAP3K1;MAP3K2;MAPK1;MAPK11;MAPK12;MAPK14;MAPK3;JNK1;MAPK8;MCL1;MKI67;MMP1;NFE2L2;NQO1;NR0B2;PECAM1;PRKCA;RARB;ROCK1;RPS6KA1;S6K1;RPS6KB1;SGK1;SOCS3;SQSTM1;STAT3;STK11;TP53AIP1;TP73
24956525,586.6,C1CC1(C(=O)NC2=CC=C(C=C2)OC3=C4C=C(NC4=NC=C3)C(=O)NCCN5CCOCC5)C(=O)NC6=CC=C(C=C6)F,PKOVTRMHYNEBDU-UHFFFAOYSA-N,3.8,Cabozantinib,MET;KDR;RET
9933475,450.5,CC1=CC2=C(N1)C=CC(=C2F)OC3=NC=NC4=CC(=C(C=C43)OC)OCCCN5CCCC5,XXJWYDDUDKYVKI-UHFFFAOYSA-N,4.9,Cediranib (AZD2171),ABL1;ACVR1;ALK;AURKB;AXL;BLK;BRAF;BRCA1;BRCA2;CAMK2B;CHEK2;CSF1R;ERBB2;ERBB4;FER;FGFR1;FGFR2;FGFR3;FLT1;FLT3;FLT4;FRK;FYN;KDR;KIT;LCK;LTK;LYN;MAP2K2;MAP4K2;MAP4K4;MAP4K5;MINK1;MST1R;PDGFRA;PDGFRB;PLK4;PRKD2;PTK6;RET;SLK;SRC;STK3;SYK;TAOK1;VHL;YES1
300471,400.5,CN(C(=S)C1=CC=CC=C1)NC(=O)CC(=O)NN(C)C(=S)C2=CC=CC=C2,BKJIXTWSNXCKJH-UHFFFAOYSA-N,2.9,Elesclomol,BAG3;CHORDC1;CLK1;CRYAB;CXCL8;DNAJB1;DNAJB4;DNAJB9;GCLM;FTL;GLA;HERPUD1;HMOX1;HSF1;HSPA1A;HSPA1B;HSPA6;HSPH1;IER5;IFRD1;MALAT1;MT1E;MT1F;MT1G;MT1H;MT1M;MT1X;OSER1; PMAIP1;PPP1R15A;PSMC1;PSMC4;PSMC6;PSMD1;PSMD12;PSMD2;PSME4;RB1CC1;SAT1;SDE2;SLC19A2;SLC30A1;SLC7A11;TRIB3;TXNRD1;UFM1;USPL1;YRDC;ZC3HAV1;ZFAND2A;ZNF394
42642645,632.7,COC1=CC2=C(C=CN=C2C=C1OCCCN3CCOCC3)OC4=C(C=C(C=C4)NC(=O)C5(CC5)C(=O)NC6=CC=C(C=C6)F)F,CXQHYVUVSFXTMY-UHFFFAOYSA-N,5.5,Foretinib (XL880),AXL;CCND1;FLT1;FLT3;FLT4;KDR;KIT;MET;MST1R;PDGFRA;PDGFRB;ROS1;SRC;TEK;YES1
11717001,334.4,C1CC(=NO)C2=C1C=C(C=C2)C3=CN(N=C3C4=CC=NC=C4)CCO,DEZZLWQELQORIU-RELWKKBWSA-N,1.7,GDC-0879,BRAF;F3;HSF1
25113169,530.6,CNC(=O)C1=C(C=CC=C1F)NC2=NC(=NC3=C2C=CN3)NC4=C(C=C5C=CN(C5=C4)C(=O)CN(C)C)OC,DESOLSKAHZZIGK-UHFFFAOYSA-N,4.3,GSK-1838705A,ALK;IGF1R;INSR;MAPK10;MAPK8;RPS6KA1
25124816,852,CCC1=CC(=C(C=C1N2CCC(CC2)N3CCN(CC3)S(=O)(=O)C)OC)NC4=NC=CC(=N4)C5=C(N=C6N5C=CC=C6)C7=CC(=C(C=C7)OC)C(=O)NC8=C(C=CC=C8F)F,MOSKATHMXWSZTQ-UHFFFAOYSA-N,6.8,GSK-1904529A,IRS1;AKT;BCL2;VEGF
3164,302.4,C1CCN(CC1)CCCCOC2CNC(=O)C3=CC=CC=C23,SNXXMVHAWWHIFJ-UHFFFAOYSA-N,2.3,GSK690693,AKT1;AKT2;AKT3;BBC3;BCL2;CASP3;EIF4EBP1;FAS;FOXO3;GSK3B;H2AX;PAK4;PAK5;PAK6;PARP1;PRKACA;PRKACB;PRKACG;PRKCA;PRKCB;PRKCD;PRKCE;PRKCG;PRKCH;PRKCI;PRKCQ;PRKCZ;PRKD1; PRKD3;PRKG1;PRKX;SRSF4;SRSF5;SRSF6;STAT3;TNF;TSC2
11676971,460.6,CN(C)CC(=O)N1CCC(CC1)C2=CC(=C(C=C2)NC(=O)C3=NC=C(N3)C#N)C4=CCCCC4,GUBJNPWVIUFSTR-UHFFFAOYSA-N,3.1,JNJ-28312141,AXL;CSF1;CSF1R;FLT3;FOS;KIT;LCK;NTRK1;NTRK3
46911863,377.3,CN1C=C(C=N1)C2=NN3C(=NN=C3C(C4=CC5=C(C=C4)N=CC=C5)(F)F)C=C2,JRWCBEOAFGHNNU-UHFFFAOYSA-N,2.1,JNJ-38877605,MET
9869779,480.5,CC(C1=NC=CS1)NC(=O)NC2=C(C=C(C=C2)OC3=C4C=C(C(=CC4=NC=C3)OC)OC)OC,SHPFDGWALWEPGS-UHFFFAOYSA-N,3.6,KI20227,CSF1R;KDR;KIT;PDGFRB
5278396,395.5,C1COCCN1C2=CC(=O)C=C(O2)C3=C4C(=CC=C3)SC5=CC=CC=C5S4,XRKYMMUGXMWDAO-UHFFFAOYSA-N,3.9,KU-55933,ARIH1;ATM;BRCA1;BRCA2;CASP3;CASP7;CASP8;CASP9;CCND1;CDKN1A;CHEK1;CHEK2;EIF4E;EIF4EBP1;FANCD2;FAS;GSK3B;H2AX;IFNG;IGF1;IL1B;INS;INS1;NOS2;PARP1;PRKDC;PTEN;SMC1A;SQSTM1;TNF;TP53;TRIM28
11427553,332.4,C1CN(CCN1)C(=O)C2=CC=C(C=C2)C=CC3=NNC4=CC=CC=C43,YYLKKYCXAOBSRM-JXMROGBWSA-N,2.7,KW-2449,ABL1;AURKA;AURKB;FGFR1;FLT3
126565,439.5,CC12C(CC(O1)N3C4=CC=CC=C4C5=C6C(=C7C8=CC=CC=C8N2C7=C53)CNC6=O)(CO)O,UIARLYUEJFELEN-LROUJFHJSA-N,2.2,Lestaurtinib (CEP-701),AR;ETV6;FLT3;HTT;JAK2;MTOR;NTRK1;NTRK2;NTRK3;RET
24901704,517.6,CN1C=C(N=C1)C2=CC3=NC=CC(=C3S2)OC4=C(C=C(C=C4)NC(=S)NC(=O)CC5=CC=CC=C5)F,UFICVEHDQUKCEA-UHFFFAOYSA-N,4.9,MGCD-265,FLT1;FLT4;MET;AXL;MST1R;TEK;KDR
24964624,407.5,C1CC(C1)(C2=CC=C(C=C2)C3=C(C=C4C(=N3)C=CN5C4=NNC5=O)C6=CC=CC=C6)N,ULDXWLCXEDXJGE-UHFFFAOYSA-N,3,MK-2206,ACTA2;AGT;AKT1;AKT1S1;AKT2;AKT3;AR;ATF4;BAK1;BAX;BCL2;BCL2L11;BRAF;CASP3;CASP7;CASP9;CD80;CD86;CDH1;CDH2;CEBPA;CTNNB1;CXCL8;EDN1;EDNRB;EGFR;EIF4EBP1;ERBB2;ERN1;ESR1;EZH2; F3;FAM83A;FAS;FLT1;FN1;GSK3B;HRAS;IL10;IL12A;IL12B;IL1B;IL6;IRF8;KIT;KRAS;MAP1LC3B;MAP3K5;MAPK1;MAPK3;MCL1;MPL;MTOR;NRAS;PARP1;PIK3CA;PNPLA2;PTEN;PTGS2;RARRES2;RELA;RPS6;SMAD3;SNAI1;THRB;TJP1;TMED3;TNF;UBE2T;VEGFA;VIM;XBP1
9929127,366.8,CC1=C(C=CC=N1)C(=O)NC2=C3C(=CC(=C2OC)Cl)C4=C(N3)C=NC=C4,ZNOLRTPMNMPLHY-UHFFFAOYSA-N,3.1,MLN120B,IKBKB
11712649,476.9,C1C2=CN=C(N=C2C3=C(C=C(C=C3)Cl)C(=N1)C4=C(C=CC=C4F)F)NC5=CC=C(C=C5)C(=O)O,HHFBDROWDBDFBR-UHFFFAOYSA-N,5.2,MLN8054,ABL1;AURKA;AURKB;AURKC;BLK;BTK;CHEK2;CLK4;CSNK2A1;EGFR;EPHA2;FGFR1;FGFR3;FLT4;GRK5;HCK;KDR;LCK;LYN;MELK;NTRK3;PAK1;PDPK1;PLK3;PTK2;ROS1;SRC;TYRO3
3385,130.08,C1=C(C(=O)NC(=O)N1)F,GHASVSINZRGABV-UHFFFAOYSA-N,-0.9,Masitinib (AB-1010),ABL1;CSF1R;FGFR1;FGFR2;FGFR3;HCK;KIT;LYN;PDGFRA;PDGFRB;PTK2;PTK2B;SRC;TGFB1;TNF;YES1
9825149,453.6,C1CCN(C1)CC2CC(C2)N3C=C(C4=C(N=CN=C43)N)C5=CC(=CC=C5)OCC6=CC=CC=C6,LSFLAQVDISHMNB-UHFFFAOYSA-N,4.6,NVP-ADW742,AKT1;IGF1;IGF1R;MTOR;VEGFA
16038120,614.2,CC(C)S(=O)(=O)C1=CC=CC=C1NC2=NC(=NC=C2Cl)NC3=C(C=C(C=C3)N4CCC(CC4)N5CCN(CC5)C)OC,QQWUGDVOUVUTOY-UHFFFAOYSA-N,5.7,NVP-TAE684,ABL1;ACVR1;AKT1;ALK;AURKA;AURKB;AXL;BLK;BRSK1;BTK;CAMK1D;CAMK2A;CAMK2B;CAMK2D;CAMK2G;CDC42BPA;CDK1;CDK2;CDK5;CDK7;CHEK1;CHEK2;CLK2;CLK4;CSF1R;DAPK3;DCLK1;DYRK1B;EGF;EGFR;ERBB2;ERBB3;ERBB4;FGFR1; FGFR3;FLT1;FLT3;FLT4;FRK;FYN;GAB1;GRK5;HBEGF;HGF;IKBKE;INSR;IRAK1;IRAK4;ITK;JAK2;JAK3;KDR;LCK;LIMK1;LRRK2;LYN;MAP2K1;MAP2K2;MAP4K2;MAP4K4;MAP4K5;MAPK1;MAPK3;MAPK8;MAPK9; MARK3;MELK;MET;MINK1;MKNK2;MST1R;MYCN;NEK2;NEK4;PAK1;PAK4;PDGFRA;PDGFRB;PDPK1;PHKG2;PKN2;PLK1;PLK3;PLK4;PRKAA1;PRKACA;PRKCD;PRKCQ;PRKD2;PRKD3;PRKG1;PTK6;RET;ROCK1; ROCK2;RPS6KA3;RPS6KB1;SLK;SRC;SRMS;SRPK1;STAT3;STK17A;STK3;SYK;TAOK1;TBK1;TGFA;TNK2;TSSK1B;TSSK2;TYK2;YES1
3364,453.9,CC1=C(C(=NO1)C2=C(C=CC=C2Cl)F)C(=O)NC3C4N(C3=O)C(C(S4)(C)C)C(=O)O,UIOFUWFRIANQPC-UHFFFAOYSA-N,2.6,Neratinib (HKI-272),ABCB11;BRAF;EGFR;ERBB2;HER2;ESR1;ESR2;HERC2;IKBKB;KDR;KRAS;NFKB1;FECH;PGR;PIK3CA;RELA;YES1
447077,443.3,CN1C2=NC(=NC=C2C=C(C1=O)C3=C(C=CC=C3Cl)Cl)NC4=CC(=CC=C4)SC,VAARYSWULJUGST-UHFFFAOYSA-N,5.4,PD173955,ABL1;FGFR1;LCK;PDGFRA;PDGFRB;SRC
3355,415.35,C1CCNC(C1)C[NH2+]C(=O)C2=C(C=CC(=C2)OCC(F)(F)F)OCC(F)(F)F,DJBNUMBKLMJRSA-UHFFFAOYSA-O,3.8,PHA-665752,AKT1;BCL2L1;CASP3;CAT;EGFR;FGFR1;FGFR2;HGF;MAPK1;MAPK3;MET;RPS6;SMO;TGFA;XIAP
44240850,409.6,CCCCCCCCCCCCC1=CC=C(C=C1)S(=O)(=O)NC2=NN=CS2,BYWWNRBKPCPJMG-UHFFFAOYSA-N,7.4,PHT-427,PDPK1;AKT2
24180719,413.8,CCCS(=O)(=O)NC1=C(C(=C(C=C1)F)C(=O)C2=CNC3=C2C=C(C=N3)Cl)F,YZDJQTHVDDOVHR-UHFFFAOYSA-N,3.3,PLX-4720,AURKA;BRAF;CSF1R;CSK;FGFR1;FRK;GNAQ;HSF1;KDR;MAP2K1;MAP4K4;MITF;NRAS;PTEN;PTK2;PTK6;PTPN11;RAC1;SRC;YES1
135565635,308.34,CC(C)N1C2=NC=NC(=C2C(=N1)C3=CC4=C(N3)C=CC(=C4)O)N,MFAQYJIYDMLAIM-UHFFFAOYSA-N,2,PP242,ACSS2;AKR1A1;ALDH1A3;ALDH3A2;ALDOA;ALDOC;AP1M1;AP1M2;AP1S1;ARSG;ASAH1;ATP6V0A1;ATP6V0D1;ATP6V1H;BHLHE40;BUD31;CLN3;CLTC;CRTC2;CTNS;CTSD;CTSF;CTSS;CYP51A1;DDIT4;DDX23;DDX42;DHCR24;DHCR7;DHX15;DNASE2;EBP;EFTUD2;EIF4B;ENO2;ENTPD4;FADS2;FDFT1;FUCA1;GAA;GALM;GALNS;GLB1;GM2A;GNS;GPI;HEXA;HK1;HK2;HKDC1;HMGCR;HMGCS1;HNRNPA1;HNRNPC;HNRNPU;HSD17B7;HSPA8;HYAL1;IDS;LDHA;LDLR;LIPA;LSM2;LSM3;LSM7;LSS;MAGOH;MAGOHB;MSMO1;MTOR;NAGLU;NCBP1;NEU1;NPC1;NSDHL;P4HA1;PCSK9;PDK1;PFKL;PGAM1;PGK1;PIK3R3;PKM;PLOD2;PML;PPIE;PPIH;PRMT5;PRPF31;PRPF4;PSAP;RBM8A;RBMX;SC5D;SF3A1;SF3A3;SLC11A2;SLC17A5;SLC2A1;SLC2A3;SMIM29;SMPD1;SNRPD1;SNRPD3;SNRPE;SNRPF;SNU13;SQLE;SRSF2;SRSF3;STARD4;TCERG1;TFRC;TGFB1;TPI1;TPP1;U2SURP;ZMAT2
44462758,393.4,C1CCC(C(C1)N)NC2=NC=C(C(=N2)NC3=CC(=CC=C3)N4N=CC=N4)C(=O)N,TXGKRVFSSHPBAJ-JKSUJKDBSA-N,2.2,PRT062607,FGR;MAP3K9;SYK
3286,384.5,CCOP(=S)(OCC)SCSP(=S)(OCC)OCC,RIZMRRKBZQXFOY-UHFFFAOYSA-N,5.1,Regorafenib (BAY 73-4506),FLT1;KDR;FLT4;KIT;PDGFRA;PDGFRB;FGFR1;FGFR2;TEK;DDR2;NTRK1;EPHA2;RAF1;BRAF;MAPK11;FRK;ABL1;RET
252682,365.4,CC1=CC=C(C=C1)S(=O)(=O)OCC(=O)NC2=CC(=C(C=C2)C(=O)O)O,HWNUSGNZBAISFM-UHFFFAOYSA-N,3,S31-201,CASP3;CASP8;CDH1;CTDSP1;CYP11B2;FEN1;IL1B;KDM4A;MAPK1;MAPK3;MMP2;MMP9;NFKBIA;PDL1;POLH;POLI;POLK;RARRES2;SIRT5;STAR;STAT1;STAT3;STAT5;TGFB1;VIM
24779724,359.4,CN1C=C(C=N1)C2=NN3C(=NN=C3SC4=CC5=C(C=C4)N=CC=C5)C=C2,BCZUAADEACICHN-UHFFFAOYSA-N,2.4,SGX-523,MET
9549297,568.1,CC1=C(NC(=C1C(=O)N2CCN(CC2)C)C)C=C3C4=C(C=CC(=C4)S(=O)(=O)N(C)C5=CC(=CC=C5)Cl)NC3=O,FPYJSJDOHRDAMT-KQWNVCNZSA-N,3.1,SU11274,HGF;MAPK14;MET;PTEN
3265,384.5,CCC(=O)OC1CCC2C1(CCC3C2CCC4=C3C=CC(=C4)OC(=O)CC)C,JQIYNMYZKRGDFK-UHFFFAOYSA-N,4.3,Saracatinib (AZD0530),ABL1;ABL;ALK;BCR;BRAF;CSK;CYP1A2;CYP24A1;CYP2D6;CYP3A4;CYP7A1;DDR2;EGFR;IDH1;IDH2;KRAS;L1CAM;LCK;PKMYT1;SRC;VDR;VHL;YES1
3256,862.1,CCC1C(C(C(C(=O)C(CC(C(C(C(C(C(=O)O1)C)OC2CC(C(C(O2)C)O)(C)OC)C)OC3C(C(CC(O3)C)N(C)C)OC(=O)CCC(=O)OCC)(C)O)C)C)O)(C)O,NSYZCCDSJNWWJL-UHFFFAOYSA-N,3.4,Selumetinib (AZD6244),MAP2K1;MAP2K2
5279,466.5,CC12C(C(CC(O1)N3C4=CC=CC=C4C5=C6C(=C7C8=CC=CC=C8N2C7=C53)CNC6=O)NC)OC,HKSZLNNOFSGOKW-UHFFFAOYSA-N,3.2,Staurosporine,"AKT;PKC;CDK;MAPK;SRC;JNK
"
10427712,346.3,C1=CC(=CC(=C1)O)C2=NC3=C(N=C(N=C3N=C2C4=CC(=CC=C4)O)N)N,UJIAQDJKSXQLIT-UHFFFAOYSA-N,1.7,TG100-115,IL13;MTOR;PIK3CA;PIK3CB;PIK3CD;PIK3CG;PIK3R1;RPS6KB1;TNF
3221,239.27,CCOC1=C(C=NN(C1=O)C)N2CCOCC2,URJQOOISAKEBKW-UHFFFAOYSA-N,0,TG101348,JAK2;FLT3;JAK1
9911830,454.9,CC1=CC(=NO1)NC(=O)NC2=C(C=C(C=C2)OC3=C4C=C(C(=CC4=NC=C3)OC)OC)Cl,SPMVMDHWKHCIDT-UHFFFAOYSA-N,4,Tivozanib (AV-951),ABCB1;ABCG2;ALB;BRAF;CYP3A4;EGFR;ERBB2;FGF2;FGFR1;FLT1;FLT3;FLT4;KDR;KIT;MET;PDGFRA;PDGFRB;PTK6;TEK;YES1
3203,315.67,C1CC1C#CC2(C3=C(C=CC(=C3)Cl)NC(=O)O2)C(F)(F)F,XPOQHMRABVBWPR-UHFFFAOYSA-N,4,Trametinib (GSK1120212),MAP2K1;MAP2K2
135423438,539.6,CN1CCN(CC1)CC(=O)N(C)C2=CC=C(C=C2)N=C(C3=CC=CC=C3)C4=C(NC5=C4C=CC(=C5)C(=O)OC)O,CPMDPSXJELVGJG-UHFFFAOYSA-N,4.3,Vargetef,FLT1;KDR;FLT4;PDGFRA;PDGFRB;FGFR1;FGFR2;FGFR3;FLT3;LCK;LYN;SRC
3188,314.38,CC(C)CCNC(=O)C(CC(C)C)NC(=O)C1C(O1)C(=O)O,SCMSYZJDIQPSDI-UHFFFAOYSA-N,1.6,Vismodegib (GDC-0449),ABCB1;ABCG2;AGT;ALB;BCL2;BECN1;CASP3;CYP2C19;CYP2C8;CYP2C9;CYP3A4;FAS;GLI1;GLI2;GLI3;MAP1LC3B;MYCN;ORM1;PDGFRA;PTCH1;PTCH2;SHH;SMO;SQSTM1;SUFU;TNFRSF10A;TNFRSF10B
2759241,192.24,C1=COC(=C1)CSC2=NC=CN=C2,VICVSKQFQDAHAD-UHFFFAOYSA-N,1.2,R547,CDK1;CDK2;CDK4;CDK7
3181,312.4,CC(=O)C1CCC2C1(CCC3C2C=CC4=CC(=O)CCC34C)C,JGMOKGBVKVMRFX-UHFFFAOYSA-N,3.8,XAV-939,CTNNB1;AXIN1;TCF;LEF;MYC;CCND1;MMP7;CD44
1805,244.2,C1=NC(=NC(=O)N1C2C(C(C(O2)CO)O)O)N,NMUSYJAQQFHJEW-UHFFFAOYSA-N,-2.2,Azacytidine,DNMT1;DNMT3A;DNMT3B;TET1;TET2;TET3;CDKN2A;MLH1;TP53;WNT5A;MYOD1
11454028,463.5,CC(C(=O)NC1C2=CC=CC=C2C3=CC=CC=C3N(C1=O)C)NC(=O)CC4=CC(=CC(=C4)F)F,QSHGISMANBKLQL-OWJWWREXSA-N,3.6,DBZ,HES1;HEY1
42611257,489.9,CCCS(=O)(=O)NC1=C(C(=C(C=C1)F)C(=O)C2=CNC3=C2C=C(C=N3)C4=CC=C(C=C4)Cl)F,GPXBXXGIAQBQNI-UHFFFAOYSA-N,5,Vemurafenib (PLX-4032),BRAF;MEK;ERK;MAPK;CCND1;CDKN1A;TP53
5359389,248.71,CC1=NC=CC2=C1NC3=C2C=CC(=C3)OC.Cl,VNPLYCKZIUTKJM-UHFFFAOYSA-N,4.86,AGI-5198,IDH1
71299339,481.5,C1CC1NS(=O)(=O)C2=CC(=C(C=C2)C3=CSC=C3)NC(=O)NC4=CC=CC(=C4)C(F)(F)F,CCAWRGNYALGPQH-UHFFFAOYSA-N,4.2,AGI-6780,IDH2
2268,317.3,COP(=S)(OC)SCN1C(=O)C2=CC=CC=C2N=N1,CJJOSEISRRTUQB-UHFFFAOYSA-N,2.8,Bay 11-7085,AGT;AHR;ALDH1A1;ATXN2;BCL2;BCL2L1;CASP3;CBX1;CCL2;CD14;CD40;CD83;CD86;CFLAR;CLDN1;CNR1;CNR2;CXCL8;DRD1;EBI3;EHMT2;GCLC;GCLM;GMNN;HPGD;ICAM1;IFNG;IL12A;IL12B;IL1B;IL27;IL6;IL6STMMP9;MPHOSPH8;NFKBIA;NPSR1;NQO1;OCLN;PRDM1;PTGS2;RELA;RGS4;RNF34;SELE;TNF;VCAM1;VDR;VEGFA
596,243.22,C1=CN(C(=O)N=C1N)C2C(C(C(O2)CO)O)O,UHDGCWIWMRVCDJ-UHFFFAOYSA-N,-2.1,Cytarabine,POLA1;POLA2;PRIM1;PRIM2;POLB;POLD1;POLD2;POLD3;POLD4;POLE1;POLE2;POLE3;POLE4;RRM1;RRM2
59473233,411.5,C1COCCN1C2=CC=C(C=C2)NC3=NC(=CN4C3=NC=C4)C5=CC6=C(C=C5)C=NN6,XSMSNFMDVXXHGJ-UHFFFAOYSA-N,3.6,Entospletinib (GS-9973),SYK
46907787,457,CC1=C(SC2=C1C(=NC(C3=NN=C(N32)C)CC(=O)OC(C)(C)C)C4=CC=C(C=C4)Cl)C,DNVXATUJJDPFDM-KRWDZBQOSA-N,4.9,JQ1,MYC;BCL2;CDK6;IL6
9823820,426.9,COC1=CC2=NC=CC(=C2C=C1C(=O)N)OC3=CC(=C(C=C3)NC(=O)NC4CC4)Cl,WOSKHXYHFSIKNG-UHFFFAOYSA-N,2.8,Lenvatinib,ABCB1;ABCB11;ABCG2;AOX1;BRAF;CYP1A2;CYP2B6;CYP2C19;CYP2C8;CYP2C9;CYP2D6;CYP3A4;FGFR1;FGFR2;FGFR3;FGFR4;FLT1;FLT4;KDR;KIT;NRAS;PDGFRA;PDGFRB;RET;SLC22A2;SLC22A6;SLC22A8;SLCO1B1;SLCO1B3;YES1
216345,581.5,CC(C)OC1=C(C=CC(=C1)OC)C2=NC(C(N2C(=O)N3CCNC(=O)C3)C4=CC=C(C=C4)Cl)C5=CC=C(C=C5)Cl,BDUHCSBCVGXTJM-UHFFFAOYSA-N,5.2,Nutlin 3a,MDM2;TP53
49846579,868.4,CC1(CCC(=C(C1)C2=CC=C(C=C2)Cl)CN3CCN(CC3)C4=CC(=C(C=C4)C(=O)NS(=O)(=O)C5=CC(=C(C=C5)NCC6CCOCC6)[N+](=O)[O-])OC7=CN=C8C(=C7)C=CN8)C,LQBVNQSMGBZMKD-UHFFFAOYSA-N,8.2,Venetoclax,ABCB1;ABCG2;BCL2;BCL2L1;BCL2L2;BIRC5;BRAF;BTRC;CASP3;CASP9;CYP3A4;FLT3;IDH1;IDH2;IGH;KRAS;MAPK1;MAPK3;MCL1;MCP1;NOX4;NPM1;PARP1;PIK3CA;PMAIP1;PTEN;SLCO1B1;SP1;SQSTM1;TP53
3187,359.42,CC(C)CC(C(=O)NCCCCN=C(N)N)NC(=O)C(CC(=O)O)O,QPQNJAXBPHVASB-UHFFFAOYSA-N,-1.3,Volasertib (BI-6727),CDH1;KRAS;PLK1
49803313,552.7,CCC1=C(N=C(C(=N1)C(=O)N)NC2=CC(=C(C=C2)N3CCC(CC3)N4CCN(CC4)C)OC)NC5CCOCC5,GYQYAJJFPNQOOW-UHFFFAOYSA-N,3.5,Gilteritinib,ABCB1;ABCG2;ALB;ALK;AXL;CYP3A4;FLT3;HTR1A;HTR1B;HTR1D;HTR1E;HTR1F;HTR2A;HTR2B;HTR2C;HTR3A;HTR3B;HTR3C;HTR3D;HTR3E;HTR4;HTR6;HTR7;LTK;MERTK;NTRK1;RET;ROS1;SLC22A1;SLC47A1
3400,342.8,C1CC1CN2C(=O)CN=C(C3=C2C=CC(=C3)Cl)C4=CC=CC=C4F,OFVXPDXXVSGEPX-UHFFFAOYSA-N,3,Lenalidomide,ABCB1;CDH5;CRBN;CSNK1A1;CTNNB1;CUL4A;DDB1;F2R;F3;FAM83F;FGF2;FGFR3;IKZF1;IL1R1;IL2;IL6ST;KRAS;MEIS2;NULL;PTGS2;RAB28;RBX1;SALL4;TEK;TGFBR1;TNF;TNFRSF1A;TNFRSF1B;TNFSF11;VEGFA;VEGFB;VEGFC;ZNF827
3391,458.5,C1C(C(C(C1O)C=CC(COC2=CC=CC(=C2)C(F)(F)F)O)CC=CCCCC(=O)O)O,WWSWYXNVCBLWNZ-UHFFFAOYSA-N,2.9,Lovastatin,HMGCR;RHOA;CCDN1;EGFR;MMP2;MMP9
9936746,492,CC1=C(SC2=C1C(=NC(C3=NN=C(N32)C)CC(=O)NC4=CC=C(C=C4)O)C5=CC=C(C=C5)Cl)C,GNMUEVRJHCWKTO-FQEVSTJZSA-N,4.5,OTX-015,BRD2;BRD4;BRD3;CD69;CDKN1A;DNER;H2BC11;H2BC12;H2BC21;H4C14;HEXIM1;IL2RA;MTHFD1L;MYC;MYCN;PARP1;SESN3;SLC19A1
3319,904.6,CC12CC(=O)NC13CC4C(C(C(=N4)CC5=C(C6=C([N-]5)C(=C7C(C(C(=CC(C2CCC(=O)O)[N-]3)[N-]7)CC(=O)O)CCC(=O)O)C(=O)CC6)CC(=O)O)(C)CC(=O)N)CCC(=O)O.[Ni+3],GYTCYCYCZFADOK-UHFFFAOYSA-M,1.8,Palbociclib,CDK4;CDK6;FOXM1;CCDN1;CCDN2;CCNE1;CCNA1;CCNA2;P16INK4A;E2F1;E2F2;E2F3;E2F4;E2F5;E2F6;E2F7;E2F8
3318,363.6,CCCCCC=CCC=CCC=CCC=CCCC(C)C(=O)NCCF,HMMNZALKMVCHHZ-UHFFFAOYSA-N,7,Panobinostat,HDAC1;HDAC2;HDAC3;HDAC4;HDAC5;HDAC6;HDAC7;HDAC8;HDAC9;HDAC10;HDAC11;PAK1;CCDN1;CCNE1;CCNB1;CMYC;HSP90;BCL2;NFKB
57394021,479,CCCCCNC(=O)N1CCC(C1)CN(CC2=CC=C(C=C2)Cl)CC3=CC=C(S3)[N+](=O)[O-],PPUYOYQTTWJTIU-UHFFFAOYSA-N,5.3,SR9011,NR1D1;NR1D2;NR1H3
2240,282.33,CC1CCC2C(C(=O)OC3C24C1CCC(O3)(OO4)C)C,BLUAFEHZUWYNDE-UHFFFAOYSA-N,2.8,Artemisinin,ABCB1;ABCC3;CHUK;CYP1A2;CYP2B6;CYP2C19;CYP3A4;ESRRA;GSTA1;GSTP1;IDH3A;IKBKB;LYZ;NFKB1;NFKBIA;NR1I2;NR1I3;PPARGC1A;RELA;SLC22A1;SLC22A2;SLCO1A2;TP53
25141092,560.6,CN1CCN(CC1)C2=CC(=C(C=C2)C(=O)NC3=NNC4=C3C=C(C=C4)CC5=CC(=CC(=C5)F)F)NC6CCOCC6,HAYYBYPASCDWEQ-UHFFFAOYSA-N,5.7,Entrectinib,"ABCB1, ABL1, ALK, AURKA, AURKB, AXL, BLK, BTK, CAMK1D, CDK7, CLK2, CLK4, CSF1R, CYP3A4, DAPK3, EML4, ETV6, FER, FGFR1, FGFR3, FLT1, FLT3, FLT4, FRK, FYN, GRK5, HIPK2, IGF1R, JAK2, JAK3, KDR, KIT, LCK, LRRK2, LTK, LYN, MAP4K2, MAP4K4, MAP4K5, MET, MST1R, NPM1, NTRK1, NTRK2, NTRK3, NULL, PKN2, PLK4, PRKAA1, PRKCG, PRKCQ, PTK2, RET, ROS1, RPS6KA3, SLK, SRC, STK3, SYK, TAOK1, TBK1, TNK2"
216468,385.8,C1=CC2=C(C(=C1)NS(=O)(=O)C3=CC=C(C=C3)S(=O)(=O)N)NC=C2Cl,SETFNECMODOHTO-UHFFFAOYSA-N,1.8,Indisulam,CA1;CA12;CA2;CA3;CA5A;CA5B;CA6;CA7;CA9;CYP2C9;CYP2D6;CYP2E1;CYP3A4;RB1
3332,212.24,C1=CC=C(C=C1)C2=CC=C(C=C2)CC(=O)O,QRZAKQDHEVVFRX-UHFFFAOYSA-N,3,Olaparib,AKT1;ATM;ATR;BAP1;BARD1;BCL2;BIRC5;BRCA1;BRCA2;CASP3;CASP8;CASP9;CBLC;CDK12;CHEK1;DDIT3;ERBB2;ESR1;ESR2;FH;H2AX;IDH1;IDH2;KRAS;MAP1LC3B;MET;MLH1;MSH2;MSH3;MYC;PALB2;PARP1;PARP2;PARP3;PGR;PIK3CA;PTEN;SDHB;SIRT1;STAG2;TNFRSF10B;TNFSF10;TNKS;TP53;VHL
67469117,526.7,CC1=CC(=C(C(=O)N1)CNC(=O)C2=C3C(=CN(C3=CC(=C2)C4=CN=C(C=C4)N5CCN(CC5)C)C(C)C)C)C,HRDQQHUKUIKFHT-UHFFFAOYSA-N,3.8,Selinexor,CYP3A4;SLCO1B3;XPO1
3503,518.6,CC1=CC2=C(C(=C(C(=C2C(C)C)O)O)C=O)C(=C1C3=C(C4=C(C=C3C)C(=C(C(=C4C=O)O)O)C(C)C)O)O,QBKSWRVVCFFDOT-UHFFFAOYSA-N,6.9,AT-101,ACHE;BAD;BCHE;BCL2;MCL1
3068,586.7,CC1C(C(C(C(O1)OC2CC(C3(C4C(CCC3(C2)O)C5(CCC(C5(CC4O)C)C6CC(=O)OC6)O)CO)O)O)O)O,ZTFGOPUOTATSAL-UHFFFAOYSA-N,-1.2,Birinapant,BIRC2;BIRC3;XIAP
66571643,364.5,C1CN(CCC1CNC2CC2C3=CC=CC=C3)CC4=CC=C(C=C4)C(=O)O,LRULVYSBRWUVGR-FCHUYYIVSA-N,1.3,GSK-2879552,KDM1A
20357474,372.3,CN1CCC(=C2C3=CC=CC=C3SC4=C2C=C(C=C4)Br)CC1,UHGZJXZINNENOT-UHFFFAOYSA-N,4.9,BLZ945,CSF1R;CSF3R;KIT;PDGFRB
3071,246.31,C1=CC=C2C(=C1)C(=CN2)CC3=CNC4=CC=CC=C43,VFTRKSBEFQDZKX-UHFFFAOYSA-N,4.3,BMS-754807,AKT1;AURKB;AXL;CCND1;CDK4;CDK6;CDKN2A;EGFR;ETV6;IGF1R;INSR;KRAS;MET;MST1R;NTRK1;NTRK2;PTEN;RB1;RPS6KB1
5281605,270.24,C1=CC=C(C=C1)C2=CC(=O)C3=C(O2)C=C(C(=C3O)O)O,FXNFHKRTJBSTCS-UHFFFAOYSA-N,1.7,Baiclein,NFKB;STAT3;CCDN1;BCL2;MMP9;CASP3;EGFR;PI3K;AKT;MAPK1;MAPK14;MAPK3;MAPKAPK2;MAPK8;MAP2K1;MAP2K2
60765,326.8,CCOC(=O)C1(CO1)CCCCCCOC2=CC=C(C=C2)Cl,DZLOHEOHWICNIL-KRWDZBQOSA-N,4.3,Etomoxir,CPT1B
4091,129.16,CN(C)C(=N)N=C(N)N,XZWYZXLIPXDOLR-UHFFFAOYSA-N,-1.3,Metformin,AMPK;MTOR;IGF1R;CDK4;FOXO1;MPGD;ERA;PRKAA1;BCL2;SOD2;NRF2
11476171,439.6,C1CN(C1)CC2CC(C2)N3C=C(C4=C(N=CN=C43)N)C5=CC(=CC=C5)OCC6=CC=CC=C6,AECDBHGVIIRMOI-UHFFFAOYSA-N,4.2,NVP-AEW541,AIFM1;AKT1;BAX;BCL2;CCND1;CDK4;CDK6;CDKN1A;DIABLO;EGF;EGFR;IGF1;IGF1R;INSR;IRS1;MAPK1;MAPK3;PDGFRB
22049997,477.3,CC1=C(C=C(C=C1)C(=O)NC)N2C(=CC(=C(C2=O)Br)OCC3=C(C=C(C=C3)F)F)C,KCAJXIDMCNPGHZ-UHFFFAOYSA-N,4.2,PH-797804,MAPK11;MAPK12;MAPK13;MAPK14;ROCK2
4746,277.5,C1CCC(CC1)C(CC2CCCCN2)C3CCCCC3,CYXKNKQEMFBLER-UHFFFAOYSA-N,6.8,Perhexiline maleate,AR;ATF4;ATF6;ATXN2;CPT1B;CPT2;DDIT3;EIF2AK3;EIF2S1;ERN1;GPR55;HTT;IDH1;KCNH2;MITF;MTOR;NLRP1;NPSR1;XBP1
11539025,420.5,CC(C)(C)CN1C2=C(C=CC(=N2)C3=C(N=C(N3)C(C)(C)C)C4=CC=C(C=C4)F)N=C1N,XPPBBJCBDOEXDN-UHFFFAOYSA-N,5.3,Ralimetinib (LY2228820),MAPK
56959,427.5,CC1=C(C(=CC=C1)C)NC(=O)CN2CCN(CC2)CC(COC3=CC=CC=C3OC)O,XKLMZUWKNUAPSZ-UHFFFAOYSA-N,2.7,Ranolazine,ABCB1;ABCB11;ADRA1A;ADRA1B;ADRA1D;ADRB1;CACNA1C;CACNA1D;CACNA1F;CACNA1S;CACNB1;CACNB2;CACNB3;CACNB4;CYP2D6;CYP3A4;KCNJ12;KCNJ14;KCNJ2;KCNJ4;ORM1;PLG;SCN10A;SCN11A;SCN1A;SCN1B;SCN2A;SCN2B;SCN3A;SCN3B;SCN4A;SCN4B;SCN5A;SCN7A;SCN8A;SCN9A;SLC47A1;SLC47A2
446339,566,CCOC(=O)C1CN(CC(=O)N1CC2=CC=[N+](C=C2)C3=CC=NC=C3)S(=O)(=O)C4=CC5=C(C=C4)C=C(C=C5)Cl,GFCOGUIWSHWJKN-AREMUKBSSA-N,3.7,XMD 8-87,TNK2
6442177,958.2,CC1CCC2CC(C(=CC=CC=CC(CC(C(=O)C(C(C(=CC(C(=O)CC(OC(=O)C3CCCCN3C(=O)C(=O)C1(O2)O)C(C)CC4CCC(C(C4)OC)OCCO)C)C)O)OC)C)C)C)OC,HKVAMNSJSFKALM-GKUWKFKPSA-N,5.9,Everolimus,MTOR
